Action,ID,Glottocode,Reason
IGNORE,alor-baranusa-kabir,alor1247,Austronesian
IGNORE,alor-kalabahi,alor1247,Austronesian
IGNORE,ambai,amba1265,Austronesian
IGNORE,ambai-wadapi-laut,amba1265,Austronesian
IGNORE,ansus,ansu1237,Austronesian
IGNORE,bahasa-indonesia,indo1316,Austronesian
IGNORE,biak,biak1248,Austronesian
IGNORE,bonggo,bong1287,Austronesian
IGNORE,busami,busa1254,Austronesian
IGNORE,dusner,dusn1237,Austronesian
IGNORE,hula,hula1239,Austronesian
IGNORE,indonesian,indo1316,Austronesian
IGNORE,irarutu,irar1238,Austronesian
IGNORE,kowiai,kowi1239,Austronesian
IGNORE,kurudu,kuru1305,Austronesian
IGNORE,marau,mara1397,Austronesian
IGNORE,maya,maya1282,Austronesian
IGNORE,mor-austronesian,morm1235,Austronesian
IGNORE,motu,motu1246,Austronesian
IGNORE,munggui,mung1269,Austronesian
IGNORE,onin,onin1245,Austronesian
IGNORE,ormu,ormu1248,Austronesian
IGNORE,papuma,papu1251,Austronesian
IGNORE,pom,pomm1237,Austronesian
IGNORE,proto-awyu,grea1275,Proto-Language
IGNORE,proto-awyu-dumut,awyu1263,Proto-Language
IGNORE,proto-baraic,bara1376,Proto-Language
IGNORE,proto-baruga,baru1269,Proto-Language
IGNORE,proto-binandere,bina1279,Proto-Language
IGNORE,proto-central-sogeram,cent2257,Proto-Language
IGNORE,proto-central-tariku,cent2110,Proto-Language
IGNORE,proto-chimbu-wahgi,cent2120,Proto-Language
IGNORE,proto-coastal-binandere,coas1297,Proto-Language
IGNORE,proto-croisilles,croi1234,Proto-Language
IGNORE,proto-doromu,doro1266,Proto-Language
IGNORE,proto-dumut,dumu1247,Proto-Language
IGNORE,proto-east-eleman,east2494,Proto-Language
IGNORE,proto-east-tariku,east2502,Proto-Language
IGNORE,proto-eastern,kain1274,Proto-Language
IGNORE,proto-eastern-central,goro1272,Proto-Language
IGNORE,proto-eastern-sogeram,east2767,Proto-Language
IGNORE,proto-eleman,nucl1580,Proto-Language
IGNORE,proto-eleman-koriki,,Proto-Language
IGNORE,proto-engan,enga1251,Proto-Language
IGNORE,proto-far-west,farw1236,Proto-Language
IGNORE,proto-finisterre-huon,fini1244,Proto-Language
IGNORE,proto-goroka,goro1272,Proto-Language
IGNORE,proto-isumrud,,Proto-Language
IGNORE,proto-kainantu,kain1274,Proto-Language
IGNORE,proto-kainantu-goroka,kain1273,Proto-Language
IGNORE,proto-kaukombar,kauk1240,Proto-Language
IGNORE,proto-koiarian,koia1260,Proto-Language
IGNORE,proto-koiraric,koia1261,Proto-Language
IGNORE,proto-korak-waskia,kowa1247,Proto-Language
IGNORE,proto-kumil,kumi1249,Proto-Language
IGNORE,proto-kwalean,kwal1257,Proto-Language
IGNORE,proto-lakes-plain,lake1255,Proto-Language
IGNORE,proto-lower-sepik,lowe1437,Proto-Language
IGNORE,proto-mabuso,mabu1247,Proto-Language
IGNORE,proto-madang,mada1298,Proto-Language
IGNORE,proto-manubaran,manu1261,Proto-Language
IGNORE,proto-maria,mari1439,Proto-Language
IGNORE,proto-ndu,nduu1242,Proto-Language
IGNORE,proto-north-adelbert,,Proto-Language
IGNORE,proto-north-binandere,nort2909,Proto-Language
IGNORE,proto-nuclear-binandere,nucl1603,Proto-Language
IGNORE,proto-numugen,numu1240,Proto-Language
IGNORE,proto-oceanic,ocea1241,Proto-Language
IGNORE,proto-ok-oksapmin,okok1235,Proto-Language
IGNORE,proto-orokaiva,orok1269,Proto-Language
IGNORE,proto-pihom,,Proto-Language
IGNORE,proto-rai-coast,raic1241,Proto-Language
IGNORE,proto-sogeram,soge1235,Proto-Language
IGNORE,proto-south-adelbert,sout3148,Proto-Language
IGNORE,proto-south-binandere,sout2934,Proto-Language
IGNORE,proto-sub-rai,,Proto-Language
IGNORE,proto-tariku,tari1255,Proto-Language
IGNORE,proto-tibor-omosa,numu1240,Proto-Language
IGNORE,proto-trans-new-guinea,nucl1709,Proto-Language
IGNORE,proto-wag,wagg1235,Proto-Language
IGNORE,proto-west-eleman,west2573,Proto-Language
IGNORE,proto-west-tariku,west2582,Proto-Language
IGNORE,proto-western-sogeram,atan1241,Proto-Language
IGNORE,roon,roon1237,Austronesian
IGNORE,serui-laut,seru1244,Austronesian
IGNORE,sinaugoro,sina1266,Austronesian
IGNORE,sobei,sobe1238,Austronesian
IGNORE,tandia,tand1253,Austronesian
IGNORE,tarpia,tarp1240,Austronesian
IGNORE,tobati,toba1266,Austronesian
IGNORE,uruangnirin,urua1244,Austronesian
IGNORE,wabo,wabo1240,Austronesian
IGNORE,wandamen,wand1267,Austronesian
IGNORE,warembori,ware1253,Austronesian
IGNORE,waropen,waro1242,Austronesian
IGNORE,woi,woii1237,Austronesian
IGNORE,yaur,yaur1239,Austronesian
IGNORE,yeresiam,ires1239,Austronesian
IGNORE,yeretuar,yere1243,Austronesian
IGNORE,yoke,yoke1238,Austronesian
IGNORE,sahu,sahu1245,North Halmahera
IGNORE,tidore,tido1248,North Halmahera
IGNORE,west-makian,west2600,North Halmahera
IGNORE,tok-pisin,tokp1240,Creole
IGNORE,kuot,kuot1243,New Ireland
IGNORE,unknown1,,Unknown Language
IGNORE,oirata,oira1263,Outside New Guinea
IGNORE,abui-atimelang,atim1239,Outside New Guinea
IGNORE,abui-makadai,abui1241,Outside New Guinea
IGNORE,blagar-apuri-on-pura,apur1252,Outside New Guinea
IGNORE,blagar-bakalang,baka1276,Outside New Guinea
IGNORE,blagar-limarahing-on-pura,lima1248,Outside New Guinea
IGNORE,blagar-retta-on-pura,blag1240,Outside New Guinea
IGNORE,blagar-retta-on-ternate,blag1240,Outside New Guinea
IGNORE,blagar-terewent,blag1240,Outside New Guinea
IGNORE,buna,buna1278,Outside New Guinea
IGNORE,fataluku,fata1247,Outside New Guinea
IGNORE,kabola-aimoli,kabo1247,Outside New Guinea
IGNORE,kabola-hamap,kabo1247,Outside New Guinea
IGNORE,kabola-pitumbang,pint1252,Outside New Guinea
IGNORE,kafoa,kafo1240,Outside New Guinea
IGNORE,kamang,kama1365,Outside New Guinea
IGNORE,kamang-kolomane,kama1365,Outside New Guinea
IGNORE,kamang-langkuru,kama1365,Outside New Guinea
IGNORE,kamang-letley,kama1365,Outside New Guinea
IGNORE,kamang-pido-1,kama1365,Outside New Guinea
IGNORE,kamang-pido-2,kama1365,Outside New Guinea
IGNORE,klon,kelo1247,Outside New Guinea
IGNORE,klon-halerman,hale1239,Outside New Guinea
IGNORE,klon-probur,prob1239,Outside New Guinea
IGNORE,kui,kuii1253,Outside New Guinea
IGNORE,kui-kiramang,kira1248,Outside New Guinea
IGNORE,kula,kula1280,Outside New Guinea
IGNORE,makasae,maka1316,Outside New Guinea
IGNORE,nedebang,nede1245,Outside New Guinea
IGNORE,oirata,oira1263,Outside New Guinea
IGNORE,teiwa-deing,dein1238,Outside New Guinea
IGNORE,teiwa-lebang,leba1239,Outside New Guinea
IGNORE,teiwa-madar,mada1286,Outside New Guinea
IGNORE,teiwa-sargang,teiw1235,Outside New Guinea
IGNORE,wersing,wers1238,Outside New Guinea
IGNORE,western-pantar-biangwala,bian1250,Outside New Guinea
IGNORE,western-pantar-kalondama,kalo1261,Outside New Guinea
IGNORE,western-pantar-mauta-tubal,tuba1277,Outside New Guinea
IGNORE,mbilua,bilu1245,Outside New Guinea
IGNORE,mbilua-ndovele,bilu1245,Outside New Guinea
IGNORE,mbaniata,touo1238,Outside New Guinea
IGNORE,mbaniata-lokuru,bilu1245,Outside New Guinea
IGNORE,lavukaleve,lavu1241,Outside New Guinea
IGNORE,savosavo,savo1255,Outside New Guinea
IGNORE,qaget,qaqe1238,Outside New Guinea
IGNORE,mali-arambum,mali1284,Outside New Guinea
IGNORE,mali-makunga,mali1284,Outside New Guinea
IGNORE,ura,urap1240,Outside New Guinea
IGNORE,kol,kolp1236,Outside New Guinea
IGNORE,kol,kolp1236,Outside New Guinea
IGNORE,hiri-motu,hiri1237,Creole
IGNORE,gizra-waidoro,waid1239,High Missing Data
IGNORE,orokaiva-dobuduru,orok1269,High Missing Data
IGNORE,burui,buru1309,High Missing Data
IGNORE,abau,abau1245,not transnewguinea
IGNORE,abau,abau1245,not transnewguinea
IGNORE,abu-arapesh,abua1245,not transnewguinea
IGNORE,abun,abun1252,not transnewguinea
IGNORE,abun-jembun,abun1252,not transnewguinea
IGNORE,abun-karon-pantai,abun1254,not transnewguinea
IGNORE,abun-senopi,abun1252,not transnewguinea
IGNORE,agi,agii1245,not transnewguinea
IGNORE,agob,agob1244,not transnewguinea
IGNORE,alamblak,alam1246,not transnewguinea
IGNORE,alamblak,alam1246,not transnewguinea
IGNORE,alamblak,alam1246,not transnewguinea
IGNORE,alfendio,tape1242,not transnewguinea
IGNORE,ama,amap1240,not transnewguinea
IGNORE,ama,amap1240,not transnewguinea
IGNORE,amal,amal1242,not transnewguinea
IGNORE,ambakich-agurant,amba1269,not transnewguinea
IGNORE,ambakich-agurant,amba1269,not transnewguinea
IGNORE,ambakich-arango,amba1269,not transnewguinea
IGNORE,ambakich-ombos,amba1269,not transnewguinea
IGNORE,ambakich-pangin,amba1269,not transnewguinea
IGNORE,ambakich-yaut,amba1269,not transnewguinea
IGNORE,ambulas,ambu1247,not transnewguinea
IGNORE,ambulas,ambu1247,not transnewguinea
IGNORE,amol,amol1235,not transnewguinea
IGNORE,amto,amto1250,not transnewguinea
IGNORE,angoram,ango1255,not transnewguinea
IGNORE,angoram,ango1255,not transnewguinea
IGNORE,angoram,ango1255,not transnewguinea
IGNORE,angoram-kambrindo,ango1255,not transnewguinea
IGNORE,angoram-kanduanum,ango1255,not transnewguinea
IGNORE,angoram-karau,muri1260,not transnewguinea
IGNORE,angoram-magendo,ango1255,not transnewguinea
IGNORE,angoram-marbuk,ango1255,not transnewguinea
IGNORE,angoram-wagamut,muri1260,not transnewguinea
IGNORE,ap-ma,apma1241,not transnewguinea
IGNORE,ap-ma-kambaramba,kamb1306,not transnewguinea
IGNORE,aruamu,arua1260,not transnewguinea
IGNORE,aruop,aruo1240,not transnewguinea
IGNORE,au,auuu1241,not transnewguinea
IGNORE,awar,awar1249,not transnewguinea
IGNORE,awera,awer1241,not transnewguinea
IGNORE,awtuw,awtu1239,not transnewguinea
IGNORE,awtuw,awtu1239,not transnewguinea
IGNORE,awyi,awyi1241,not transnewguinea
IGNORE,awyi,awyi1241,not transnewguinea
IGNORE,bahinemo,bahi1254,not transnewguinea
IGNORE,banaro,bana1292,not transnewguinea
IGNORE,barapasi,bara1375,not transnewguinea
IGNORE,bauzi,bauz1241,not transnewguinea
IGNORE,bauzi,bauz1241,not transnewguinea
IGNORE,beli,beli1258,not transnewguinea
IGNORE,beneraf,bone1255,not transnewguinea
IGNORE,berik,beri1254,not transnewguinea
IGNORE,berik,beri1254,not transnewguinea
IGNORE,berinomo,beri1253,not transnewguinea
IGNORE,bine,bine1240,not transnewguinea
IGNORE,bine-boze,boze1239,not transnewguinea
IGNORE,bine-drageli,irup1239,not transnewguinea
IGNORE,bine-giringarede,boze1239,not transnewguinea
IGNORE,bine-irupi,irup1239,not transnewguinea
IGNORE,bine-kunini,kuni1264,not transnewguinea
IGNORE,bine-masingle,masi1270,not transnewguinea
IGNORE,bine-sebe,sebe1243,not transnewguinea
IGNORE,bine-sogal,soga1243,not transnewguinea
IGNORE,bine-tati,tate1244,not transnewguinea
IGNORE,biritai,biri1259,not transnewguinea
IGNORE,bisis,bisi1244,not transnewguinea
IGNORE,biwat,biwa1243,not transnewguinea
IGNORE,biwat,biwa1243,not transnewguinea
IGNORE,bo,bopa1235,not transnewguinea
IGNORE,boikin,boik1241,not transnewguinea
IGNORE,bosmun,bosn1248,not transnewguinea
IGNORE,bukiyip,buki1249,not transnewguinea
IGNORE,buna-torricelli,buna1277,not transnewguinea
IGNORE,burmeso,burm1264,not transnewguinea
IGNORE,burui,buru1309,not transnewguinea
IGNORE,chambri,cham1313,not transnewguinea
IGNORE,chambri,cham1313,not transnewguinea
IGNORE,chambri,cham1313,not transnewguinea
IGNORE,chambri,cham1313,not transnewguinea
IGNORE,chambri-kilimbit,cham1313,not transnewguinea
IGNORE,chenapian,chen1259,not transnewguinea
IGNORE,chenapian,chen1259,not transnewguinea
IGNORE,demisa,demi1242,not transnewguinea
IGNORE,dera,dera1245,not transnewguinea
IGNORE,dera-amgotro,dera1245,not transnewguinea
IGNORE,dera-monggowar,dera1245,not transnewguinea
IGNORE,dia,diaa1238,not transnewguinea
IGNORE,dibiyaso,dibi1240,not transnewguinea
IGNORE,dibiyaso,dibi1240,not transnewguinea
IGNORE,dibiyaso,dibi1240,not transnewguinea
IGNORE,diebroud-dabra,tawo1244,not transnewguinea
IGNORE,diebroud-taworta,tawo1244,not transnewguinea
IGNORE,dineor,mare1261,not transnewguinea
IGNORE,doso,doso1239,not transnewguinea
IGNORE,doutai,dout1240,not transnewguinea
IGNORE,doutai,dout1240,not transnewguinea
IGNORE,duriankere,duri1243,not transnewguinea
IGNORE,duvle,duvl1242,not transnewguinea
IGNORE,edopi,edop1238,not transnewguinea
IGNORE,elkei,elke1240,not transnewguinea
IGNORE,elseng,else1239,not transnewguinea
IGNORE,elseng,else1239,not transnewguinea
IGNORE,eritai,erit1239,not transnewguinea
IGNORE,eritai,erit1239,not transnewguinea
IGNORE,fasu,fasu1242,not transnewguinea
IGNORE,fasu,fasu1242,not transnewguinea
IGNORE,fasu,fasu1242,not transnewguinea
IGNORE,fayu,fayu1238,not transnewguinea
IGNORE,fayu-sehudate,fayu1238,not transnewguinea
IGNORE,foau,foau1240,not transnewguinea
IGNORE,gaikundi,gaik1242,not transnewguinea
IGNORE,gizra-kupere,gizr1240,not transnewguinea
IGNORE,gizra-togo,gizr1240,not transnewguinea
IGNORE,gizra-waidoro,waid1239,not transnewguinea
IGNORE,gizrra,gizr1240,not transnewguinea
IGNORE,gresi,gres1240,not transnewguinea
IGNORE,hatam,hata1243,not transnewguinea
IGNORE,hatam-borai,hata1243,not transnewguinea
IGNORE,heyo,heyo1240,not transnewguinea
IGNORE,hiri-motu,hiri1237,not transnewguinea
IGNORE,iatmul,iatm1242,not transnewguinea
IGNORE,iatmul-brugnowi,iatm1242,not transnewguinea
IGNORE,iatmul-brugnowi,iatm1242,not transnewguinea
IGNORE,iatmul-kanganaman,iatm1242,not transnewguinea
IGNORE,iatmul-korogo,iatm1242,not transnewguinea
IGNORE,iatmul-sawos,iatm1242,not transnewguinea
IGNORE,iatmul-tambanam,iatm1242,not transnewguinea
IGNORE,iau,iauu1242,not transnewguinea
IGNORE,isirawa,isir1237,not transnewguinea
IGNORE,iteri,iter1241,not transnewguinea
IGNORE,iteri-rocky-peak,iter1241,not transnewguinea
IGNORE,itik,itik1240,not transnewguinea
IGNORE,iwam,iwam1256,not transnewguinea
IGNORE,iwam,iwam1256,not transnewguinea
IGNORE,kaiy,kaiy1239,not transnewguinea
IGNORE,kaiy,kaiy1239,not transnewguinea
IGNORE,kalabra,kala1256,not transnewguinea
IGNORE,kanggape,kang1291,not transnewguinea
IGNORE,kanum,ngka1235,not transnewguinea
IGNORE,kanum,ngka1235,not transnewguinea
IGNORE,kapauri,kapo1250,not transnewguinea
IGNORE,kapriman,kapr1245,not transnewguinea
IGNORE,karawa,kara1495,not transnewguinea
IGNORE,karon-dori,karo1303,not transnewguinea
IGNORE,karon-dori,karo1303,not transnewguinea
IGNORE,kauwera,kauw1242,not transnewguinea
IGNORE,kayan,kaia1245,not transnewguinea
IGNORE,kemtuik,kemt1242,not transnewguinea
IGNORE,keraki,namb1293,not transnewguinea
IGNORE,keuw,kehu1238,not transnewguinea
IGNORE,kire,kire1240,not transnewguinea
IGNORE,kirikiri,kiri1256,not transnewguinea
IGNORE,kirikiri-faia,faia1238,not transnewguinea
IGNORE,konda,kond1303,not transnewguinea
IGNORE,kopar,kopa1248,not transnewguinea
IGNORE,kopar,kopa1248,not transnewguinea
IGNORE,kopar-singarin,kopa1248,not transnewguinea
IGNORE,kopar-singarin,kopa1248,not transnewguinea
IGNORE,kwerba,nucl1595,not transnewguinea
IGNORE,kwerba-airmati,nucl1595,not transnewguinea
IGNORE,kwerisa,kwer1264,not transnewguinea
IGNORE,kwesten,kwes1245,not transnewguinea
IGNORE,kwoma,kwom1262,not transnewguinea
IGNORE,kwoma,kwom1262,not transnewguinea
IGNORE,kyaimbarang,kyen1243,not transnewguinea
IGNORE,lau,foii1242,not transnewguinea
IGNORE,mai-brat,maib1239,not transnewguinea
IGNORE,maklew,makl1246,not transnewguinea
IGNORE,maklew,makl1246,not transnewguinea
IGNORE,manambu,mana1298,not transnewguinea
IGNORE,mander,mand1443,not transnewguinea
IGNORE,manem,mane1266,not transnewguinea
IGNORE,manem,mane1266,not transnewguinea
IGNORE,manikion,mani1235,not transnewguinea
IGNORE,marangis,wata1253,not transnewguinea
IGNORE,mawes,mawe1251,not transnewguinea
IGNORE,maybrat,maib1239,not transnewguinea
IGNORE,mbore,bore1247,not transnewguinea
IGNORE,mehek,mehe1243,not transnewguinea
IGNORE,mekwei,mekw1241,not transnewguinea
IGNORE,mende,mend1268,not transnewguinea
IGNORE,meyah,meya1236,not transnewguinea
IGNORE,meyah-akrin,meya1236,not transnewguinea
IGNORE,meyah-anason,meya1236,not transnewguinea
IGNORE,meyah-etskebi,meya1236,not transnewguinea
IGNORE,meyah-miun,meya1236,not transnewguinea
IGNORE,meyah-mumbrani,meya1236,not transnewguinea
IGNORE,minidien,mini1253,not transnewguinea
IGNORE,miyak,kyen1243,not transnewguinea
IGNORE,mlap,mlap1238,not transnewguinea
IGNORE,moi,moii1235,not transnewguinea
IGNORE,molof,molo1262,not transnewguinea
IGNORE,molof,molo1262,not transnewguinea
IGNORE,moraid,mora1239,not transnewguinea
IGNORE,moskona,mosk1236,not transnewguinea
IGNORE,moskona-merdey,mosk1236,not transnewguinea
IGNORE,mpur,mpur1239,not transnewguinea
IGNORE,mpur,mpur1239,not transnewguinea
IGNORE,mpur-arfu,mpur1239,not transnewguinea
IGNORE,mpur-kebar,mpur1239,not transnewguinea
IGNORE,murik,muri1260,not transnewguinea
IGNORE,murik,muri1260,not transnewguinea
IGNORE,nabi,nabi1239,not transnewguinea
IGNORE,nabi,nabi1239,not transnewguinea
IGNORE,nabi,nabi1239,not transnewguinea
IGNORE,nagatiman,yale1246,not transnewguinea
IGNORE,namia,nami1256,not transnewguinea
IGNORE,namia,nami1256,not transnewguinea
IGNORE,namo,namo1246,not transnewguinea
IGNORE,namumi,fasu1242,not transnewguinea
IGNORE,namumi,fasu1242,not transnewguinea
IGNORE,ngala,ngal1300,not transnewguinea
IGNORE,nimboran,nucl1633,not transnewguinea
IGNORE,nimo,nimo1247,not transnewguinea
IGNORE,nimo,nimo1247,not transnewguinea
IGNORE,ningil,ning1273,not transnewguinea
IGNORE,obokuitai,obok1239,not transnewguinea
IGNORE,odiai,odia1239,not transnewguinea
IGNORE,olo,oloo1241,not transnewguinea
IGNORE,one-inebu,ineb1235,not transnewguinea
IGNORE,orya,orya1242,not transnewguinea
IGNORE,orya,orya1242,not transnewguinea
IGNORE,owiniga,owin1240,not transnewguinea
IGNORE,owiniga,owin1240,not transnewguinea
IGNORE,owiniga,owin1240,not transnewguinea
IGNORE,owiniga,owin1240,not transnewguinea
IGNORE,pahi,pahi1246,not transnewguinea
IGNORE,papasena,papa1269,not transnewguinea
IGNORE,papi,papi1255,not transnewguinea
IGNORE,parb,namb1293,not transnewguinea
IGNORE,pouye,pouy1238,not transnewguinea
IGNORE,pyu,pyuu1245,not transnewguinea
IGNORE,pyu,pyuu1245,not transnewguinea
IGNORE,rao,raoo1244,not transnewguinea
IGNORE,rasawa,rasa1243,not transnewguinea
IGNORE,samarokena,sama1240,not transnewguinea
IGNORE,saniyo-hiyewe,sani1270,not transnewguinea
IGNORE,saniyo-hiyewe,sani1270,not transnewguinea
IGNORE,saponi,sapo1254,not transnewguinea
IGNORE,sause,saus1247,not transnewguinea
IGNORE,seget,sege1235,not transnewguinea
IGNORE,seta,seta1245,not transnewguinea
IGNORE,seta,seta1245,not transnewguinea
IGNORE,seti,seti1248,not transnewguinea
IGNORE,siawi,siaw1243,not transnewguinea
IGNORE,sikaritai,sika1263,not transnewguinea
IGNORE,sikaritai,sika1263,not transnewguinea
IGNORE,siliput,sili1247,not transnewguinea
IGNORE,sinagen,sina1269,not transnewguinea
IGNORE,skou,nucl1634,not transnewguinea
IGNORE,skou,nucl1634,not transnewguinea
IGNORE,sowanda,sowa1245,not transnewguinea
IGNORE,sowanda,sowa1245,not transnewguinea
IGNORE,suabo,suab1238,not transnewguinea
IGNORE,tabo,tabo1241,not transnewguinea
IGNORE,tabo,tabo1241,not transnewguinea
IGNORE,tabriak,tabr1243,not transnewguinea
IGNORE,tabriak,tabr1243,not transnewguinea
IGNORE,tabriak,tabr1243,not transnewguinea
IGNORE,tabriak,tabr1243,not transnewguinea
IGNORE,taikat,taik1255,not transnewguinea
IGNORE,taikat,taik1255,not transnewguinea
IGNORE,tanggu,tang1355,not transnewguinea
IGNORE,tause,taus1252,not transnewguinea
IGNORE,tause-deirate,deir1239,not transnewguinea
IGNORE,tause-weirate,weir1238,not transnewguinea
IGNORE,tehit,tehi1237,not transnewguinea
IGNORE,tofanma,tofa1246,not transnewguinea
IGNORE,tofanma,tofa1246,not transnewguinea
IGNORE,torricelli,torr1259,not transnewguinea
IGNORE,tunggare,tung1293,not transnewguinea
IGNORE,urat,urat1244,not transnewguinea
IGNORE,urim,urim1252,not transnewguinea
IGNORE,usku,usku1243,not transnewguinea
IGNORE,usku,usku1243,not transnewguinea
IGNORE,viid,seng1285,not transnewguinea
IGNORE,viid,seng1285,not transnewguinea
IGNORE,walio,nucl1453,not transnewguinea
IGNORE,wanap,wana1268,not transnewguinea
IGNORE,waris,wari1266,not transnewguinea
IGNORE,waris,wari1266,not transnewguinea
IGNORE,waritai,wari1264,not transnewguinea
IGNORE,waritai,wari1264,not transnewguinea
IGNORE,wipi-abam,abam1239,not transnewguinea
IGNORE,wipi-dorogori,doro1265,not transnewguinea
IGNORE,wipi-gamaewe,gama1253,not transnewguinea
IGNORE,wipi-guiam,guia1241,not transnewguinea
IGNORE,wipi-iamega,iame1239,not transnewguinea
IGNORE,wipi-kapal,kapa1255,not transnewguinea
IGNORE,wipi-kuru,kuru1307,not transnewguinea
IGNORE,wipi-peawa,peaw1239,not transnewguinea
IGNORE,wipi-podari,poda1239,not transnewguinea
IGNORE,wipi-ume,umee1243,not transnewguinea
IGNORE,wipi-wipim,wipi1243,not transnewguinea
IGNORE,wipi-wonie,woni1239,not transnewguinea
IGNORE,wipi-yuta,yuta1239,not transnewguinea
IGNORE,wipi-zim,wipi1242,not transnewguinea
IGNORE,wogamusin,woga1249,not transnewguinea
IGNORE,wogamusin,woga1249,not transnewguinea
IGNORE,wutung,wutu1244,not transnewguinea
IGNORE,yahadian,yaha1248,not transnewguinea
IGNORE,yahang,yaha1247,not transnewguinea
IGNORE,yangum-mon,yang1296,not transnewguinea
IGNORE,yau,yaus1235,not transnewguinea
IGNORE,yawa,nucl1454,not transnewguinea
IGNORE,yawiyo-wosawari,yawi1238,not transnewguinea
IGNORE,yei,yeii1239,not transnewguinea
IGNORE,yei,yeii1239,not transnewguinea
IGNORE,yelmek,yelm1242,not transnewguinea
IGNORE,yelmek,yelm1242,not transnewguinea
IGNORE,yessan-mayo,yess1239,not transnewguinea
IGNORE,yessan-mayo,yess1239,not transnewguinea
IGNORE,yessan-mayo-warasai,yess1239,not transnewguinea
IGNORE,yetfa,yetf1238,not transnewguinea
IGNORE,yetfa,yetf1238,not transnewguinea
IGNORE,yil,yill1241,not transnewguinea
IGNORE,yimas,yima1243,not transnewguinea
IGNORE,yimas,yima1243,not transnewguinea
IGNORE,yimas,yima1243,not transnewguinea
IGNORE,yis,yiss1240,not transnewguinea
IGNORE,aramo,pina1252,not transnewguinea (Piawi)
IGNORE,haruai,haru1245,not transnewguinea (Piawi)
IGNORE,nangenuwetan,pina1252,not transnewguinea (Piawi)
IGNORE,pinai-hagahai,pina1252,not transnewguinea (Piawi)
IGNORE,pinai-hagahai-wakadadap,not transnewguinea (Piawi)
IGNORE,wiyaw,haru1245,Piawi,not transnewguinea (Piawi)